<?xml version="1.0" encoding="utf-8"?>
<modification>
    <id>SendInBlue</id>
    <name>SendInBlue</name>
    <version>300.1</version>
    <vqmver>2.6.3s</vqmver>
    <code>sendinblue</code>
    <author>info@opencartspecialist.com</author>
    <link>https://opencartspecialist.com</link>

    <file path="catalog/controller/startup/startup.php">

        <operation info="force the use of sendinblue smtp if activated">
            <search><![CDATA[
			function index
			]]></search>
            <add position="before"><![CDATA[
	private function init($class) {
		$classname = 'sendinblue';
		$this->load->model('setting/setting');
		$settings = $this->model_setting_setting->getSetting($classname);
		//exit(print_r($settings,1));

		if (isset($settings[$classname . '_' . 'api_key'])) {
			$api_key = $settings[$classname . '_' . 'api_key'];
		}

		require_once(DIR_SYSTEM . 'library/sendinblue/autoload.php');
		try {
			$config = SendinBlue\Client\Configuration::getDefaultConfiguration()->setApiKey("api-key", $api_key);
			$ns = "SendinBlue\Client\Api\\" . $class;
			$apiInstance = new $ns(new GuzzleHttp\Client(), $config);
			return $apiInstance;
		} catch (Exception $e) {
			$this->printr($e);
		    echo 'Exception: ', $e->getCode(), PHP_EOL;
			$this->error[] = 'Exception: ' . $e->getCode();
			//exit();
		}
	}

	public function get_account() {

		$class = 'AccountApi';
		try {
			$mailin = $this->init($class);
			return json_decode($mailin->getAccount(), true);
		} catch (Exception $e) {
			return json_decode($e->getResponseBody(), true);
		}

    }
			]]></add>
        </operation>

        <operation info="force the use of sendinblue smtp if activated">
            <search><![CDATA[
			$currencies = $this->model_localisation_currency->getCurrencies();
			]]></search>
            <add position="before"><![CDATA[
			// Override mail config with SendinBlue SMTP if active
			if ($this->config->get('sendinblue_transactionalemails') && $this->config->get('sendinblue_smtp_password')) {
				//file_put_contents(DIR_LOGS . 'sendinblue_smtp.txt', 'SIB SMTP OVERRIDE');
				$account = $this->get_account();
				$this->config->set('config_mail_engine', 'smtp');

				if (!empty($account['relay']['data']['relay'])) {
					$this->config->set('config_mail_smtp_hostname', $account['relay']['data']['relay']);
					$this->config->set('config_mail_smtp_username', $account['relay']['data']['userName']);
					$this->config->set('config_mail_smtp_password', html_entity_decode($this->config->get('sendinblue_smtp_password'), ENT_QUOTES, 'UTF-8'));
					$this->config->set('config_mail_smtp_port', $account['relay']['data']['port']);
					$this->config->set('config_mail_parameter', '');
				}
			}
			]]></add>
        </operation>
    </file>
</modification>